{"cameraMode":{"drawMode":0,"name":"Shaded","section":"Shading Mode"},"sceneLighting":false,"audioPlay":false,"sceneViewState":{"showFog":true,"showMaterialUpdate":false,"showSkybox":true,"showFlares":true,"showImageEffects":true,"showParticleSystems":true},"in2DMode":false,"pivot":{"x":1.4376087188720704,"y":-0.9971898198127747,"z":4.9185919761657719},"rotation":{"x":0.11861177533864975,"y":0.14003506302833558,"z":-0.01689918339252472,"w":0.9828712344169617},"size":9.602571487426758,"orthographic":false}