{"cameraMode":{"drawMode":0,"name":"Shaded","section":"Shading Mode"},"sceneLighting":true,"audioPlay":false,"sceneViewState":{"showFog":true,"showMaterialUpdate":false,"showSkybox":true,"showFlares":true,"showImageEffects":true,"showParticleSystems":true},"in2DMode":false,"pivot":{"x":208.91514587402345,"y":106.29014587402344,"z":210.443603515625},"rotation":{"x":-0.051595672965049747,"y":-0.9374463558197022,"z":0.30579912662506106,"w":-0.15817423164844514},"size":203.94357299804688,"orthographic":false}